id,title,author,year,publisher
0440234743,The Testament,John Grisham,1990,Dell
0971880107,Wild Animus,Rich Shapero,2000,Too Far
0425182908,Isle of Dogs,Patricia Cornwell,2000,Berkley Publishing Group
042518630X,Purity in Death,J.D. Robb,2000,Berkley Publishing Group
0804106304,The Joy Luck Club,Amy Tan,1990,Prentice Hall (K-12)
0441783589,Starship Troopers,Robert A. Heinlein,1980,Ace Books
0316769487,The Catcher in the Rye,J.D. Salinger,1990,Little Brown
0380717018,Body of Evidence (Kay Scarpetta Mysteries (Paperback)),Patricia D. Cornwell,1990,Avon
0380718332,All That Remains (Kay Scarpetta Mysteries (Paperback)),Patricia D. Cornwell,1990,Avon
0385509456,The Curious Incident of the Dog in the Night-Time : A Novel,MARK HADDON,2000,Doubleday
0446610399,The Rescue,Nicholas Sparks,2000,Warner Books
0451526341,Animal Farm,George Orwell,2000,Signet
0142001740,The Secret Life of Bees,Sue Monk Kidd,2000,Penguin Books
006101351X,The Perfect Storm : A True Story of Men Against the Sea,Sebastian Junger,1990,HarperTorch
0316666343,The Lovely Bones: A Novel,Alice Sebold,2000,Little Brown
0451410556,The Blue Last: A Richard Jury Mystery (Richard Jury Mysteries (Paperback)),Martha Grimes,2000,Onyx Books
0380710218,Postmortem,Patricia Daniels Cornwell,1990,Harper Mass Market Paperbacks (Mm)
0385721420,Three Junes,JULIA GLASS,2000,Anchor
0345369947,The Mummy or Ramses the Damned,Anne Rice,1990,Ballantine Books
0061009059,One for the Money (Stephanie Plum Novels (Paperback)),Janet Evanovich,1990,HarperTorch
0446672211,Where the Heart Is (Oprah's Book Club (Paperback)),Billie Letts,1990,Warner Books
0679450440,Protect and Defend,Richard North Patterson,2000,Random House Inc
0140253580,Therapy,David Lodge,1990,Penguin Putnam~trade
0140622063,Scottish Folk and Fairy Tales (Penguin Popular Classics),Gordon Jarvie,1990,Penguin Books Ltd
0316776963,Me Talk Pretty One Day,David Sedaris,2000,Back Bay Books
0380788497,Changer,Jane Lindskold,1990,Eos
0425166619,Toxin,Robin Cook,1990,Berkley Publishing Group
034538184X,Degree of Guilt,Richard North Patterson,1990,Ballantine Books
0140620125,Wuthering Heights (Penguin Popular Classics),Emily Bronte,1990,Penguin Books Ltd
0060928336,Divine Secrets of the Ya-Ya Sisterhood: A Novel,Rebecca Wells,1990,Perennial
0316777730,Naked,David Sedaris,1990,Back Bay Books
0446601241,Kiss the Girls,James Patterson,1990,Warner Books
0684819066,"A Beautiful Mind : A Biography of John Forbes Nash, Jr.",Sylvia Nasar,1990,Simon &amp Schuster
0440206154,Red Dragon,Thomas Harris,2000,Dell Publishing Company
0345370775,Jurassic Park,Michael Crichton,1990,Ballantine Books
0312169787,The Red Tent : A Novel,Anita Diamant,1990,St Martin's Press
0140620338,Picture of Dorian Gray,Oscar Wilde,0,Penguin Putnam~mass
0385498721,Survivor : A Novel,CHUCK PALAHNIUK,2000,Anchor
0380813815,"Lamb : The Gospel According to Biff, Christ's Childhood Pal",Christopher Moore,2000,Perennial
0142000663,The Grapes of Wrath: John Steinbeck Centennial Edition (1902-2002),John Steinbeck,2000,Penguin Books
037570504X,"Breath, Eyes, Memory",Edwidge Danticat,1990,Vintage Books USA
1558744606,Chicken Soup for the Mother's Soul (Chicken Soup for the Soul Series (Paper)),Jack Canfield,1990,Health Communications
0345325818,The Silmarillion,J.R.R. TOLKIEN,1980,Del Rey
0671793489,All Around the Town,Mary Higgins Clark,1990,Pocket Star
0446673544,Sex &amp; the City,Candace Bushnell,1990,Warner Books
0671689231,Little Girl Lost,Drew Barrymore,1990,Pocket
0446310492,To Kill a Mockingbird,Harper Lee,1980,Warner Books
0140140352,Haroun and the Sea of Stories,Salman Rushdie,1990,Penguin Putnam~trade
0449207463,Superior Women,Alice Adams,1990,Fawcett Books
0515120006,Holding the Dream (Dream Trilogy),Nora Roberts,2000,Jove Books
0385486804,Into the Wild,Jon Krakauer,1990,Anchor
0676974562,Atonement,Ian McEwan,2000,Random House
0425169863,Point of Origin,Patricia Daniels Cornwell,1990,Berkley Publishing Group
0446610038,1st to Die: A Novel,James Patterson,2000,Warner Vision
0805019375,L Is for Lawless (Kinsey Millhone Mysteries),Sue Grafton,1990,Henry Holt &amp Company
067976402X,Snow Falling on Cedars,David Guterson,1990,Vintage Books USA
0425167313,Here on Earth,Alice Hoffman,1990,Berkley Publishing Group
0156787334,A Room of One's Own,Virginia Woolf,1980,Harcourt
0425115801,Lightning,Dean R. Koontz,1990,Berkley Publishing Group
0451151259,Eyes of the Dragon,Stephen King,1980,Penguin Putnam~mass
059035342X,Harry Potter and the Sorcerer's Stone (Harry Potter (Paperback)),J. K. Rowling,1990,Arthur A Levine Books
0345342968,Fahrenheit 451,RAY BRADBURY,1980,Del Rey
0812550706,Ender's Game (Ender Wiggins Saga (Paperback)),Orson Scott Card,1990,Tor Books
0345422384,Pandora: New Tales of the Vampires (New Tales of the Vampires),Anne Rice,1990,Ballantine Books
0385029551,Confessions of Saint Augustine (Image Book),St. Augustine,1960,Image
0385484518,"Tuesdays with Morrie: An Old Man, a Young Man, and Life's Greatest Lesson",MITCH ALBOM,1990,Doubleday
0316779490,Naked,David Sedaris,1990,Little Brown &amp Co
0671511424,DEVIL IN A BLUE DRESS (Easy Rawlins Mysteries (Paperback)),Walter Mosley,1990,Pocket
0425133540,The Sum of All Fears (Jack Ryan Novels),Tom Clancy,1990,Berkley Publishing Group
0394830148,The Berenstain Bears and Too Much Vacation (First Time Books),Stan Berenstain,1980,Random House Children's Books
0060175532,Young Wives,Olivia Goldsmith,2000,HarperCollins Publishers
0425175405,Black Notice,Patricia Daniels Cornwell,2000,Berkley Publishing Group
8585622032,Bola da vez: Romance policial (ColeÃ§Ã£o Romance policial brasileiro),Muniz SodrÃ©,1990,Notrya Editora
8570070063,A corrente de Trewis Scott,Roberto Schneider,1980,NÃ³rdica
8532501192,As valkÃ­rias,Paulo Coelho,1990,Rocco
0449221482,J Is for Judgment,Sue Grafton,1990,Fawcett Books
0553279912,A Is for Alibi (Kinsey Millhone Mysteries (Paperback)),SUE GRAFTON,1980,Bantam
0345353145,Sphere,MICHAEL CRICHTON,1980,Ballantine Books
0060955775,Veronika Decides to Die,Paulo Coelho,2000,Perennial
0515120618,Montana Sky,Nora Roberts,2000,Jove Books
0515130389,Carolina Moon,Nora Roberts,2000,Jove Books
0061056774,The X-Files: Ground Zero,Kevin J. Anderson,1990,HarperEntertainment
0618002219,The Hobbit: or There and Back Again,J.R.R. Tolkien,1990,Houghton Mifflin Company
0553576399,Distraction: A Novel,Bruce Sterling,1990,Spectra Books
0446611212,Violets Are Blue,James Patterson,2000,Warner Vision
0380718340,Cruel &amp; Unusual (Kay Scarpetta Mysteries (Paperback)),Patricia D. Cornwell,1990,Avon
034539657X,Dark Rivers of the Heart,Dean R. Koontz,1990,Ballantine Books
0679722319,Where I'm Calling from: New and Selected Stories (Vintage Contemporaries),Raymond Carver,1980,Vintage Books USA
0679746048,"Girl, Interrupted",SUSANNA KAYSEN,1990,Vintage
0880381736,"Dragons of Autumn Twilight (Dragonlance Chronicles, Vol 1)",Margaret Weis,1990,TSR
0440204887,Illusions: The Adventures of a Reluctant Messiah,Richard Bach,1990,Dell Publishing Company
1558744630,Chicken Soup for the Teenage Soul (Chicken Soup for the Soul),Jack Canfield,1990,Health Communications
0553294385,"I, Robot",ISAAC ASIMOV,1990,Spectra
0553563521,Devil's Waltz (Alex Delaware Novels (Paperback)),Jonathan Kellerman,1990,Bantam Books
055357230X,The Clinic (Alex Delaware Novels (Paperback)),Jonathan Kellerman,1990,Bantam Books
0671004107,Contact,Carl Sagan,1990,Pocket
0553291890,More Than One Universe,Arthur C. Clarke,1990,Spectra Books
0586213333,Indigo 1: Nemesis (Indigo Series),Louise Cooper,1990,HarperCollins Publishers
0679459596,Billy Straight: A Novel,Jonathan Kellerman,1990,Random House Trade
0140296409,Disgrace,J. M. Coetzee,2000,Penguin Books
0671892479,Step-By-Step Tai Chi,Master Lam Kam-Chuen,1990,Fireside
0446359866,Presumed Innocent,Scott Turow,1980,Warner Books
0446612790,2nd Chance,James Patterson,2000,Warner Vision
0445406488,The Curse of the Pharaohs,Elizabeth Peters,1980,Warner Books
0345347951,Childhood's End,Arthur C. Clarke,1980,Del Rey Books
0671867172,The Lottery Winner : Alvirah And Willy Stories,Mary Higgins Clark,1990,Pocket
0836204387,The Calvin and Hobbes Tenth Anniversary Book,Bill Watterson,1990,Andrews McMeel Publishing
081296683X,Girls' Poker Night: A Novel,Jill Davis,2000,Random House Trade
0449221504,K Is for Killer (Kinsey Millhone Mysteries (Paperback)),Sue Grafton,1990,Fawcett Books
0671034006,Heartbreaker,Julie Garwood,2000,Pocket
0882893327,The Voodoo Queen: A Novel (Pelican Pouch Series),Robert Tallant,1980,Pelican Publishing Company
0345334531,Feast of All Saints,Anne Rice,1980,Ballantine Books
0671516922,Trust Me,Jayne Ann Krentz,1990,Pocket
0449209598,Murder in the Smithsonian (Capital Crime Mysteries),Margaret Truman,1990,Fawcett Books
0373483880,The Macgregors: Serena - Caine (The Macgregors),Nora Roberts,1990,Silhouette
0440208459,Burn Marks (V.I. Warshawski Novels (Paperback)),Sara Paretsky,1990,Dell
0312951426,The Ice House,Minette Walters,1990,St Martin's Press
0312953615,The Sculptress (Sculptress),Minette Walters,1990,St Martin's Press
0380804557,Stardust,Neil Gaiman,2000,Avon
0446609781,Beneath the Skin,Nicci French,2000,Warner Books
0440201330,Five Bells and Bladebone,Martha Grimes,1990,Dell Publishing Company
0140293442,Fever Pitch,Nick Hornby,2000,Penguin Books Ltd
0684718634,Cry the Beloved Country,Alan Paton,1990,Simon Schuster Trade
0312199430,One Thousand White Women : The Journals of May Dodd: A Novel,Jim Fergus,1990,St Martin's Griffin
0156007754,Blindness (Harvest Book),Jose Saramago,1990,Harvest Books
0380977788,Coraline,Neil Gaiman,2000,HarperCollins
0345391055,Disclosure,Michael Crichton,1990,Ballantine Books
0380701340,Creed for the Third Millennium,Colleen McCullough,1980,Avon
0316601950,The Pilot's Wife : A Novel,Anita Shreve,1990,Back Bay Books
0061006629,Fatherland,Robert Harris,1990,HarperTorch
0553286390,"Dragon Wing (The Death Gate Cycle, Book 1)",Margaret Weis,1990,Bantam
0553572423,The Fist of God,Frederick Forsyth,1990,Bantam Books
0671722948,TWELFTH NIGHT,William Shakespeare,1990,Washington Square Press
0451404300,The Dividing Line (Joshua Rabb Novels),Richard Parrish,1990,Onyx Books
0440202043,Shell Seekers,Rosamunde Pilcher,1990,Dell
0061043508,Strong Poison,Dorothy L. Sayers,1990,HarperTorch
0805036377,M Is for Malice (Kinsey Millhone Mysteries (Hardcover)),Sue Grafton,1990,Henry Holt &amp Company
3596154766,Silberfaden.,Ricarda Junge,2000,Fischer (Tb) Frankfurt
0446600342,Where There's Smoke,Sandra Brown,1990,Warner Books
0060929871,Brave New World,Aldous Huxley,1990,Perennial
0393312836,A Clockwork Orange (Norton Paperback Fiction),Anthony Burgess,1980,W W Norton &amp Company
034540498X,Final Judgment,Richard N. Patterson,1990,Ballantine Books
0449003795,P Is for Peril,Sue Grafton,2000,Ballantine Books
0440204194,Firefly Summer,Maeve Binchy,1980,Dell
0864426224,"Lonely Planet Paris (Paris, 2nd Ed)",Daniel Robinson,1990,Lonely Planet
0425154092,From Potter's Field,Patricia Daniels Cornwell,1990,Berkley Publishing Group
0553271636,D Is for Deadbeat (Kinsey Millhone Mysteries (Paperback)),Sue Grafton,1980,Bantam
1888054557,Postmarked Yesteryear: 30 Rare Holiday Postcards,Pamela E. Apkarian-Russell,2000,Collectors Press
0425121631,Rules of Prey,John Sandford,1990,Berkley Publishing Group
0553579983,And Then You Die,Iris Johansen,1990,Bantam
0804114986,The Bonesetter's Daughter,Amy Tan,2000,Ballantine Books
0446600709,Assumed Identity,David Morrell,1990,Warner Books
0399150854,Blacklist: A V.I. Warshawski Novel,Sara Paretsky,2000,Putnam Publishing Group
0671517643,LITTLE WOMEN,Louisa May Alcott,1990,Pocket
0140445145,Twilight of the Idols and the Anti Christ (Penguin Classics),R.J. Hollingdale,1990,Penguin Books
0679720200,The Stranger,ALBERT CAMUS,1980,Vintage
0553284789,F Is for Fugitive (Kinsey Millhone Mysteries (Paperback)),Sue Grafton,1990,Bantam
0446605409,Plum Island,Nelson DeMille,1990,Warner Books
0452280621,Beloved,Toni Morrison,1990,Plume Books
0330375253,Bridget Jones's Diary,Helen Fielding,2000,Picador
0061031410,Courting Trouble,Lisa Scottoline,2000,HarperTorch
0449214176,Bluebeard's Egg and Other Stories,Margaret Atwood,1980,Fawcett Books
0312924801,September,Rosamunde Pilcher,1990,St Martin's Press
0679433023,Violin,Anne Rice,1990,Alfred A Knopf
0446353205,The Charm School,Nelson DeMille,1980,Warner Books
0671027662,Coast Road: A Novel,Barbara Delinsky,1990,Pocket Books
0671742515,Long Dark Tea Time of the Soul,Douglas Adams,1990,Pocket
0380012057,"Gabriela, Clove and Cinnamon",Jorge Amado,1980,Avon
0449221512,I Is for Innocent,Sue Grafton,1990,Fawcett Books
0449223612,N Is for Noose,Sue Grafton,1990,Fawcett Books
0393314804,Trainspotting,Irvine Welsh,1990,W W Norton &amp Company
044021873X,Windy City Blues (V.I. Warshawski Novels (Paperback)),Sara Paretsky,1990,Dell
0141182458,Dubliners (Penguin Modern Classics),James Joyce,2000,Penguin Books Ltd
042514545X,Fool's Puzzle,Earlene Fowler,1990,Berkley Publishing Group
0671011375,Death du Jour,Kathy Reichs,2000,Pocket
0345334019,Escape the Night,Richard North Patterson,1990,Ballantine Books
0451180054,Trial by Fire,Nancy Taylor Rosenberg,1990,Signet Book
0450547434,Creed,James Herbert,1990,Hodder &amp Stoughton General Division
0440209986,Not Exactly a Brahmin,Susan Dunlap,1990,Dell
0440224705,Hard Time (V.I. Warshawski Novels (Paperback)),SARA PARETSKY,2000,Dell
0312955731,White Shark,Peter Benchley,1990,St Martin's Press
051511264X,Prime Witness,Steven Paul Martini,1990,Jove Books
0440214009,Treasures,Belva Plain,1990,Dell
8501012076,Cem Anos De Solidao,Gabr Garcia Marquez,0,Distribooks Int'l+inc
0140285679,About a Boy,Nick Hornby,2000,Penguin Books Ltd
0553569031,Gone But Not Forgotten,PHILLIP M. MARGOLIN,1990,Bantam
0446364622,The Children of Men,P.D. James,1990,Warner Books
0747541604,The Gashlycrumb Tinies,Edward Gorey,1990,Bloomsbury Publishing Plc
0805210555,The Complete Stories,Franz Kafka,1990,Schocken Books
0425157784,Mourn Not Your Dead,Deborah Crombie,1990,Berkley Publishing Group
0141000198,Bridget Jones's Diary,Helen Fielding,2000,Penguin Putnam
0515125628,The Target,Catherine Coulter,1990,Jove Books
0425172546,Southern Cross,Patricia Daniels Cornwell,1990,Berkley Publishing Group
0553280341,B Is for Burglar (Kinsey Millhone Mysteries (Paperback)),Sue Grafton,1980,Bantam
0553280368,C Is for Corpse (Kinsey Millhone Mysteries (Paperback)),Sue Grafton,1980,Bantam
078688939X,Dirty Jokes and Beer : Stories of the Unrefined,Drew Carey,1990,Hyperion
0441569595,Neuromancer (Remembering Tomorrow),William Gibson,1990,Ace Books
1400042070,The Amateur Marriage: A Novel,ANNE TYLER,2000,Knopf
0451519841,1984,George Orwell,1980,New Amer Library
0449219364,G Is for Gumshoe (Kinsey Millhone Mysteries (Paperback)),Sue Grafton,1990,Fawcett Books
0743227441,The Other Boleyn Girl,Philippa Gregory,2000,Touchstone
0553275976,The Bonfire of the Vanities,Tom Wolfe,1980,Bantam Books
0440225817,Acts of Malice,Perri O'Shaughnessy,2000,Island
0812589718,Daughter of God,Lewis Perdue,2000,Forge Books
0440111498,Cat's Cradle,Kurt Vonnegut,1990,Dell Publishing Company
0679755330,A Raisin in the Sun,LORRAINE HANSBERRY,1990,Vintage
0671704834,INTO THE BLUE : INTO THE BLUE,Robert Goddard,1990,Pocket
0425166392,Guilty Pleasures,Lawrence Sanders,1990,Berkley Publishing Group
0812550757,Speaker for the Dead (Ender Wiggins Saga (Paperback)),Orson Scott Card,1990,Tor Books
0446530077,Find Me,Rosie O'Donnell,2000,Warner Books
0156006847,The Fencing Master: A Novel,Arturo PÃ©rez-Reverte,2000,Harvest Books
0451204530,Code to Zero,Ken Follett,2000,Signet Book
0380790025,Death in Lovers' Lane (Henrie O Mysteries (Paperback)),Carolyn Hart,1990,Avon
0425179885,The Devil's Code,John Sandford,2000,Berkley Publishing Group
042518109X,Whispers,Dean R. Koontz,2000,Berkley Publishing Group
0312958129,Coming Home,Rosamunde Pilcher,1990,St Martin's Press
0446603929,See How They Run,James Patterson,1990,Warner Books
0140442014,The Social Contract (Penguin Classics),Jean-Jacques Rousseau,1960,Penguin Books
0385509472,Diary: A Novel,Chuck Palahniuk,2000,Doubleday
0595256368,Rhaeva,Linda Moore,2000,Writer's Showcase Press
0425174018,Hush Money (Spenser Mysteries),Robert B. Parker,2000,Berkley Publishing Group
0451169522,Misery,Stephen King,2000,Penguin USA (Paper)
0380730774,Read This and Tell Me What It Says : Stories (Bard Book),A. Manette Ansay,1990,William Morrow
0446359750,Devices and Desires,Phyllis White,1990,Warner Books
0786861347,Don't Stand Too Close to a Naked Man,Tim Allen,1990,Hyperion Books
1590889754,Shadows of the Eclipse,Bonnie Napoli,2000,Wings ePress Inc
0452283248,Leading the Revolution: How to Thrive in Turbulent Times by Making Innovation a Way of Life,Gary Hamel,2000,Plume Books
0945320531,Understanding Variation: The Key to Managing Chaos (2nd Edition),Donald J. Wheeler,1990,SPC Press Inc
0440442508,Johnny Tremain (Yearling Newbery),Esther Forbes,1980,Yearling Books
0440120500,The Dirty Duck,Martha Grimes,1990,Dell Publishing Company
067943853X,Of Love And Other Demons,GABRIEL GARCIA MARQUEZ,1990,Knopf
0671027573,Mr. Perfect,Linda Howard,2000,Pocket Star
0553569910,The Ugly Duckling,Iris Johansen,1990,Bantam Books
0060512822,The Poisonwood Bible,Barbara Kingsolver,2000,HarperTorch
8501067113,Perdas &amp; Ganhos,Lya Fett Luft,2000,Editora Record
0140620842,Gulliver's Travels (Penguin Popular Classics),Jonathan Swift,1990,Penguin Books Ltd
0805059555,"\"" Is for Outlaw""",Sue Grafton,1990,Henry Holt &amp Company
0380788500,Legends Walking: A Novel of the Athanor,Jane Lindskold,1990,Eos (HarperCollins)
0446608815,Pop Goes the Weasel,James Patterson,2000,Warner Vision
0515128546,Tears of the Moon (Irish Trilogy),Nora Roberts,2000,Jove Books
0671047515,Hell's Kitchen,Jeffery Deaver,2000,Pocket
0451160525,"The Gunslinger (The Dark Tower, Book 1)",Stephen King,1990,New American Library
0553283111,Quiet As a Nun (Jemima Shore Mysteries),Antonia Fraser,1990,Bantam Books
0553560441,The Road to Omaha,Robert Ludlum,1990,Bantam Books
0679445358,If... (Questions for the Game of Life),Evelyn McFarlane,1990,Villard Books
0553800949,Final Target,Iris Johansen,2000,Bantam Books
0061057894,Acorna: The Unicorn Girl (Acorna (Paperback)),Anne McCaffrey,1990,Eos
8573022744,HistÃ³rias brasileiras de verÃ£o (Vide Verissimo),LuÃ­s Fernando VerÃ­ssimo,1990,Objetiva
0446359688,Red Phoenix,Larry Bond,1990,Warner Books
0425163407,Unnatural Exposure,Patricia Daniels Cornwell,1990,Berkley Publishing Group
0515131679,The Gingerbread Man,Maggie Shayne,2000,Jove Books
0671867091,Remember Me,Mary Higgins Clark,1990,Pocket
0345446666,Death in Holy Orders : An Adam Dalgliesh Mystery,P.D. JAMES,2000,Fawcett
0553284363,Payment in Blood,Elizabeth George,1990,Bantam Books
0553210793,The Adventures of Huckleberry Finn (Bantam Classics),MARK TWAIN,1980,Bantam
0515133973,Midnight Bayou,Nora Roberts,2000,Jove Books
0671702513,The Prize,Julie Garwood,1990,Pocket
0385501560,Choke,Chuck Palahniuk,2000,Doubleday Books
0486270629,A Doll's House,Henrik Ibsen,1990,Dover Publications
0140282777,Big Fish: A Novel of Mythic Proportions,Daniel Wallace,1990,Penguin Books
0553229281,Majipoor Chronicles 3,Robert Silverberg,1980,Bantam Doubleday Dell
0140622306,A Portrait of the Artist as a Young Man (Penguin Popular Classics),James Joyce,1990,Penguin Books Ltd
055327449X,The Illustrated Man (Grand Master Editions),RAY BRADBURY,1980,Spectra
1400030382,The Piano Tuner : A Novel,DANIEL MASON,2000,Vintage
0553272543,Ballad of the Sad Cafe and Other Stories,Carson McCullers,1990,Bantam Books
0140043128,One Flew over the Cuckoo's Nest,Ken Kesey,1970,Penguin Books
0060256656,The Giving Tree,Shel Silverstein,1960,HarperCollins Publishers
0440174643,Roots,ALEX HALEY,1980,Dell
0553275100,The Butcher's Theater,Jonathan Kellerman,1980,Bantam Books
0449208885,The Road to Paradise Island,Victoria Holt,1990,Ivy Books
0375753788,I Will Bear Witness: A Diary of the Nazi Years 1933-1941 (Modern Library (Paperback)),Victor Klemperer,1990,Modern Library
0553572202,Self-Defense (Alex Delaware Novels (Paperback)),Jonathan Kellerman,1990,Bantam Books
2742743537,La TreiziÃ?Â¨me cible,Arnauld Pontier,2000,Actes Sud
0425151867,Acceptable Risk,Robin Cook,1990,Berkley Publishing Group
0446311774,Innocent Blood,P. D. James,1990,Warner Books (Mm)
0393319296,Invisible Monsters,Chuck Palahniuk,1990,WW Norton &amp Company
0553278029,A Great Deliverance,Elizabeth George,1980,Bantam Books
0449217124,Thornyhold,Mary Stewart,1980,Fawcett Books
1401200893,"Endless Nights (The Sandman, Book 11)",Neil Gaiman,2000,DC Comics
0060934700,Smoke and Mirrors: Short Fictions and Illusions,Neil Gaiman,2000,Perennial
0316779423,Barrel Fever : Stories and Essays (Barrel Fever),David Sedaris,1990,Back Bay Books
0312140940,Wonder Boys : A Novel (Bestselling Backlist),Michael Chabon,1990,Picador
226612269X,Ou Es-Tu?,Marc Levy,2000,Distribooks Inc
067179793X,Princess Annie,Linda Lael Miller,1990,Pocket
0385722192,Lullaby: A Novel,Chuck Palahniuk,2000,Anchor Books/Doubleday
0312921098,Treason,Orson Scott Card,1990,St Martins Pr (Mm)
0553227041,Sisterhood,Michael Palmer,0,Bantam Doubleday Dell
0765340054,"Shadow Puppets (Ender, Book 7)",Orson Scott Card,2000,Tor Books
0812509145,The Copenhagen Connection,Elizabeth Peters,1990,Tor Books
0440223016,A Long Fatal Love Chase,Louisa May Alcott,1990,Dell
0345319672,The Ballad of Typhoid Mary,J.F. Federspiel,1980,Ballantine Books
0553800973,Body of Lies,IRIS JOHANSEN,2000,Bantam
0440222826,The Mercy Rule,John T. Lescroart,1990,Island
0140282033,Chocolat,Joanne Harris,2000,Penguin Books
0804116571,Malice in the Highlands (Erskine Powell Mysteries),Graham Thomas,1990,Fawcett Books
0375500510,Black and Blue : A Novel,ANNA QUINDLEN,1990,Random House
0061093343,Fault Lines,Anne Rivers Siddons,1990,HarperTorch
0894803204,The Book of Questions,Gregory Stock,1980,Workman Publishing
0684867672,The Five Minute Iliad Other Instant Classics : Great Books For The Short Attention Span,Greg Nagan,2000,Fireside
0761121323,"What to Expect When You're Expecting, Third Edition",Heidi E. Murkoff,2000,Workman Publishing
0345394267,Rainbow's End,Martha Grimes,1990,Ballantine Books
0061099015,The Great and Secret Show,Clive Barker,1990,HarperCollins Publishers
055356773X,The Cereal Murders,Diane Mott Davidson,1990,Crimeline
0802135161,Oranges Are Not the Only Fruit,Jeanette Winterson,1990,Grove Press
0451206002,Over the Edge: An Alex Delaware Novel (Alex Delaware Novels (Paperback)),Jonathan Kellerman,2000,Signet Book
0440202515,Another View,Rosamunde Pilcher,1980,Dell Publishing Company
0451403754,Sweet Everlasting (Topaz Historical Romances),Patricia Gaffney,1990,Topaz
0451205235,Cold Flat Junction,Martha Grimes,2000,New American Library
0399145672,Big Trouble,Dave Barry,1990,Putnam Publishing Group
0312984618,Black for Remembrance,Carlene Thompson,2000,St Martin's Paperbacks
0345374568,The Old Contemptibles,Martha Grimes,1990,Ballantine Books
0449219461,H Is for Homicide (Kinsey Millhone Mysteries (Paperback)),Sue Grafton,1990,Fawcett Books
0812510992,The Girl Who Heard Dragons,Anne McCaffrey,1990,Tor Books
0312978383,Winter Solstice,Rosamunde Pilcher,2000,St Martin's Paperbacks
0671786466,Paradise County,Karen Robards,2000,Pocket
0312186142,Death in Cyprus,Mary Margaret Kaye,1980,St Martins Pr
0440211697,Phantom,Susan Kay,1990,Dell Publishing Company
0449219232,Jasmine,Bharati Mukherjee,1990,Fawcett Books
0451457994,2001: A Space Odyssey,Arthur C. Clarke,2000,Roc
2070378233,La guerre de la fin du monde,Mario Vargas Llosa,1980,Gallimard
0425126064,Shadow Prey,John Sandford,2000,Berkley Publishing Group
351818802X,"Suhrkamp BasisBibliothek (SBB), Nr.2, Siddhartha",Hermann Hesse,1990,Suhrkamp
0738203491,The Pleasure of Finding Things Out: The Best Short Works of Richard P. Feynman,Richard P. Feynman,2000,Perseus Books Group
0425109720,Patriot Games (Jack Ryan Novels),Tom Clancy,1990,Berkley Publishing Group
0061092177,Small Gods (Discworld Novels (Paperback)),Terry Pratchett,1990,HarperTorch
0374386137,A Wrinkle in Time,Madeleine L'Engle,1960,Farrar Straus Giroux
1563898810,"9-11: September 11th, 2001 (Stories to Remember, Volume 1)",Will Eisner,2000,DC Comics
1563898780,"9-11: September 11, 2001 (Stories to Remember, Volume 2)",Neil Gaiman,2000,DC Comics
0553576089,In the Presence of the Enemy,ELIZABETH GEORGE,1990,Bantam
0515124060,The Investigators (Badge of Honor Novels (Paperback)),W. E. B. Griffin,1990,Jove Books
044022571X,Legal Briefs: Stories by Today's Best Legal Thriller Writers,William Bernhardt,1990,Dell Publishing Company
0312927746,Flowers in the Rain &amp; Other Stories,Rosamunde Pilcher,1990,St Martin's Press
0515120871,Finding the Dream,Nora Roberts,1990,Jove Books
0679722068,"Death in Venice, and Seven Other Stories (Vintage International)",Thomas Mann,1980,Vintage Books USA
0553293915,Kat's Cradle (Kat Colorado Mysteries),Karen Kijewski,1990,Bantam
067151914X,"Caretaker (Star Trek Voyager, No 1)",L.A. Graf,1990,Star Trek
0380788756,Baltimore Blues (Tess Monaghan Mysteries (Paperback)),Laura Lippman,1990,Avon
0345397819,Lasher: Lives of the Mayfair Witches (Lives of the Mayfair Witches),Anne Rice,1990,Ballantine Books
0671755056,SHAMPOO PLANET,Douglas Coupland,1990,Atria
0553572512,Playing for the Ashes,ELIZABETH GEORGE,1990,Bantam
0449149005,A Deceptive Clarity,Aaron J. Elkins,1990,Fawcett Books
0064400042,On the Banks of Plum Creek,Laura Ingalls Wilder,1950,HarperTrophy
0440215285,Killing Orders,Sara Paretsky,1990,Dell
0440135842,Help the Poor Struggler,Martha Grimes,1990,Dell
0805013342,"\A\"" is for Alibi : A Kinsey Millhone Mystery (A Kinsey Millhone Mystery)""",Sue Grafton,1980,Henry Holt and Co
0446364703,Decked : A Regan Reilly Mystery,Carol Higgins Clark,1990,Warner Books
0671737783,Mediterranean Caper,Clive Cussler,1990,Pocket
0425188221,Shadowland,Peter Straub,2000,Berkley Publishing Group
8251800811,A Time for Trolls: Fairy Tales from Norway,Peter C. Asbjornsen,1990,Arthur Vanous Co
0446676098,The Notebook,Nicholas Sparks,1990,Warner Books
8571641145,A Grande Arte,Rubem Fonseca,1990,Companhia das Letras
0441006612,Isaac Asimov's Werewolves,Shelia Williams,1990,Ace Books
0449908488,The Silent Cry (William Monk Novels (Hardcover)),Anne Perry,1990,Fawcett Books
0671472569,Meridian,Alice Walker,1990,Simon &amp Schuster
0140620206,Tess of the Durbervilles,Hardy,0,Penguin Putnam~mass
0060505257,The Archer's Tale,Bernard Cornwell,2000,HarperTorch
0743480716,Underworld : Book 1,Greg Cox,2000,Pocket Star
0679758461,Red-Tails in Love : A Wildlife Drama in Central Park,MARIE WINN,1990,Vintage
034532532X,The Lasko Tangent,Richard North Patterson,1990,Ballantine Books
0451180062,Abuse of Power,Nancy Taylor Rosenberg,1990,Signet Book
0671680420,BUM STEER,Nancy Pickard,1990,Pocket
0380700247,The Ghostway,Tony Hillerman,1990,Avon Books
0380720477,A Stained White Radiance,James Lee Burke,1990,Avon
067183651X,WITHOUT WARNING,Fern Michaels,1980,Pocket
1551666847,Cold Ridge,Carla Neggers,2000,Mira
0446610801,"The Ill-Made Mute (The Bitterbynde, Book 1)",Cecilia Dart-Thornton,2000,Aspect
0440213320,Deadlock (V.I. Warshawski Novels (Paperback)),SARA PARETSKY,1990,Dell
0140620990,The Christmas Books (Penguin Popular Classics),Charles Dickens,1990,Penguin Books Ltd
274273807X,Le Livre des illusions,Paul Auster,2000,Actes Sud
0671002538,Mexican Hat (Kevin Kerney Novels (Paperback)),Michael McGarrity,1990,Pocket Star
8501060038,O Rio de todos os Brasis: Uma reflexÃ£o em busca de auto-estima (ColeÃ§Ã£o MetrÃ³poles),Carlos Lessa,2000,Editora Record
0061007161,First Among Equals,Jeffrey Archer,1990,HarperTorch
0553013653,Pinball,Jerzy N Kosinski,1980,Bantam Books
0345387554,The Horse You Came In On,Martha Grimes,1990,Ballantine Books
0440139244,I Am the Only Running Footman,Martha Grimes,1990,Dell Publishing Company
0811824829,52 Deck Series: 52 Ways to Celebrate Friendship,Lynn Gordon,2000,Chronicle Books
0749320346,The Bridges of Madison County,Robert James Waller,1990,Mandarin
0345394259,Hotel Paradise,Martha Grimes,1990,Ballantine Books
0553565370,Scandal in Fair Haven,Carolyn G. Hart,1990,Bantam Books
0140150315,The Portable Thoreau (Penguin Classics),Henry David Thoreau,1970,Penguin Books
0140481389,The Crucible: A Play in Four Acts (Penguin Plays),Arthur Miller,1970,Penguin Books
8571647658,Achados e perdidos,L. A GarcÃ­a-Roza,1990,Companhia das Letras
8535901809,Uma janela em Copacabana,L. A GarcÃ­a-Roza,2000,Companhia das Letras
0671795880,Best Destiny (Star Trek),Diane Carey,1990,Pocket
0440153271,The Man With a Load of Mischief,Martha Grimes,1990,Dell Publishing Company
0446327069,Happy Are the Meek,Andrew M. Greeley,1980,Warner Books
0345405072,Lost World,Michael Crichton,1990,Ballantine Books
0553296906,Blue Willow,DEBORAH SMITH,1990,Bantam
0525934251,Bastard Out of Carolina,Dorothy Allison,1990,Dutton Books
0671679155,ALMOST HEAVEN,Judith McNaught,1990,Pocket
0399150439,Naked Prey,John Sandford,2000,Putnam Publishing Group
1861976127,"Eats, Shoots and Leaves: The Zero Tolerance Approach to Punctuation",Lynne Truss,2000,Profile Books Ltd
0345350472,Blade Runner: (Do Androids Dream of Electric Sheep),Philip K. Dick,1990,Del Rey Books
0140077413,The Ransom Game (Penguin Crime Fiction),Howard Engel,1980,Penguin Books Ltd
0671554271,ISHMAEL,Barbara Hambly,1980,Star Trek
1853260916,To the Lighthouse,Virginia Woolf,1990,Lb May &amp Assoc Inc
0582275105,More Tales from Shakespeare (Longman Fiction),Charles Lamb,1990,Penguin Longman Publishing
0312965966,Denial (Frank Clevenger),Keith Ablow,1990,St Martin's Paperbacks
014044534X,The Civilization of the Renaissance in Italy (Penguin Classics),Jacob Burckhardt,1990,Penguin Books
0395051126,"Selections from Ralph Waldo Emerson (Riverside Editions, A13)",Ralph Waldo Emerson,1960,Houghton Mifflin Company
0451176723,Mitigating Circumstances,Nancy Taylor Rosenberg,1990,Signet Book
0425105679,Cards on the Table (Hercule Poirot Mysteries (Paperback)),Agatha Christie,2000,Berkley Publishing Group
0449005828,Bedford Square (Charlotte &amp; Thomas Pitt Novels (Paperback)),Anne Perry,2000,Ballantine Books
0451407830,The Burglar in the Library: A Bernie Rhodenbarr Mystery (Bernie Rhodenbarr Mysteries (Paperback)),Lawrence Block,1990,Signet Book
0553275569,The Right Stuff,Tom Wolfe,1980,Bantam
0140295569,High Fidelity,Nick Hornby,2000,Penguin Books Ltd
0380732661,The Ritual Bath (Peter Decker &amp; Rina Lazarus Novels (Paperback)),Faye Kellerman,1990,Avon
0515118559,True Betrayals,Nora Roberts,1990,Jove Books
0446340952,Fletch Won,Gregory McDonald,1980,Warner Books
0553564978,Venus Envy,Rita Mae Brown,1990,Bantam Books
0451167538,Different Seasons (Signet),Stephen King,2000,Signet Book
0061093327,Low Country,Anne Rivers Siddons,1990,HarperTorch
0140621393,Journey to the Centre of the Earth (Penguin Popular Classics),Jules Verne,1990,Penguin Books Ltd
1858284422,"The Rough Guide Internet (Internet (Rough Guides), 2000)",Angus J. Kennedy,1990,Rough Guides Limited
8520912427,Diario Do Farol: Romance,Jooao Paulo de Almeid Magalhhaes,2000,Editora Nova Fronteira
1401039081,Killer Asylum,David R. Williams,2000,Xlibris Corporation
0571173004,Rain,Kirsty Gunn,0,Faber Faber Inc
0380713608,A Morning for Flamingos,James L. Burke,1990,Avon
0061091316,Lost Boys,Orson Scott Card,1990,HarperTorch
0380767600,Lover in the Rough,Elizabeth Lowell,1990,Avon
0441748600,To Sail Beyond the Sunset,Robert Heinlein,1990,Ace Books
1853267805,THE ORIGIN OF SPECIES,Charles Darwin,1990,NTC/Contemporary Publishing Company
044023476X,Bitter Medicine,Sara Paretsky,1990,Dell Publishing Company
0553351397,Peace Is Every Step: The Path of Mindfulness in Everyday Life,Thich Nhat Hahn,1990,Random House
0440129389,"GOOD MOTHER, THE",Sue Miller,1980,Dell
0060187115,Chocolate: From Simple Cookies to Extravagant Showstoppers,Nick Malgieri,1990,HarperCollins Publishers
0898158699,The Village Baker's Wife: The Desserts and Pastries That Made Gayle's Famous,Joe Ortiz,1990,Ten Speed Press
0517884941,Moosewood Restaurant Low-Fat Favorites: Flavorful Recipes for Healthful Meals,Pam Krauss,1990,Clarkson N Potter Publishers
0679877894,My So-Called Life,Catherine Clark,1990,Bull's Eye Publishing
0380713284,The Body in the Belfry: A Faith Fairchild Mystery,Katherine Hall Page,1990,Avon
0553569783,Heartstone,PHILLIP M. MARGOLIN,1990,Bantam
0140258345,After Rain,William Trevor,1990,Penguin Books
0671744585,The Invitation,Jude Deveraux,1990,Pocket
8525008044,Pau-Brasil (Obras completas de Oswald de Andrade),Oswald de Andrade,1990,Editora Globo
8530802152,O retorno e terno--,Rubem A Alves,1990,Papirus Editora
8501057703,O Viajante Imovel: Machado de Assis E O Rio de Janeiro de Seu Tempo,Luciano Trigo,2000,Editora Record
8570411693,PolÃ­tica e recuperaÃ§Ã£o econÃ´mica em Minas Gerais (Humanitas),OtÃ¡vio Soares Dulci,1990,Editora UFMG
852600025X,Os melhores poemas de JoÃ£o Cabral de Melo Neto (Os Melhores poemas),JoÃ£o Cabral de Melo Neto,1980,Global Editora
8503003414,Menino de engenho,JosÃ© Lins do RÃªgo,1990,J Olympio Editora
8535400915,Secreta mirada,Lya Fett Luft,1990,Editora Mandarim
0553282085,A Little Class on Murder,Carolyn G. Hart,1980,Bantam Books
0440181275,A Stranger Is Watching,Mary Higgins Clark,1990,Dell Publishing Company
055376196X,Dancing in the Light,Shirley MacLaine,1980,Bantam Books
0440217490,A Dangerous Fortune,Ken Follett,1990,Island
0393315819,Ecstasy : Three Tales of Chemical Romance,Irvine Welsh,1990,W W Norton &amp Company
0140028420,Millstone,Margaret Drabble,0,Penguin Putnam~mass
0451521943,Ivanhoe,Sir Walter Scott,1980,Signet Book
0786212527,Bluebeard's Egg (Thorndike Large Print Basic Series),Margaret Atwood,1990,Thorndike Press
0609803115,Seinfeld: The Totally Unauthorized Tribute (Not That There's Anything Wrong With That),David Wild,1990,Random House Inc
1573223565,Songbook,Nick Hornby,2000,Riverhead Books
0679730753,The New Gothic: A Collection of Contemporary Gothic Fiction,Bradford Morrow,1990,Vintage Books USA
0307103439,Just Be Nice...and Say You're Sorry!: Super Shape Book (Pooh),Catherine McCafferty,1990,Golden Books Publishing Company
0192838717,The Red and the Black: A Chronicle of the Nineteenth Century (Oxford World's Classics),Stendhal,1990,Oxford University Press
2253038040,La Maison Aux Esprits,Isabel Allende,0,Livre De Poche French
2290302155,Debout les morts,Fred Vargas,2000,J'ai lu
155166528X,Veiled Journey,Nell Brien,1990,Mira
0689716230,Dragon's Milk (Dragon Chronicles),Susan Fletcher,1990,Aladdin
0345423496,3001: The Final Odyssey,Arthur C. Clarke,1990,Del Rey Books
0486270696,The Mysterious Stranger and Other Stories (Dover Thrift Editions),Mark Twain,1990,Dover Publications
0395670292,Lost Moon: The Perilous Voyage of Apollo 13,Jim Lovell,1990,Houghton Mifflin Co
0804105537,Storming Intrepid,Payne Harrison,1990,Ivy Books
0345345061,The Tolkien Reader,J. R. R. Tolkien,1980,Del Rey Books
0192815032,Pride and Prejudice,Jane Austen,1980,Oxford University Press
0380774194,Blameless,Barbara Shapiro,1990,Harper Mass Market Paperbacks (Mm)
0425111830,Search the Shadows,Barbara Michaels,1990,Berkley Publishing Group
0571117422,Translations (Faber Paperbacks),Brian Friel,1990,Faber &amp Faber
0380790033,Death in Paradise (Henrie O Mysteries (Paperback)),Carolyn Hart,1990,Avon
0671036556,Wait Until Dark,Andrea Kane,2000,Pocket
0451184327,First Offense,Nancy Taylor Rosenberg,1990,Signet Book
0440211921,Predator,Jack Olsen,1990,Dell Publishing Company
0440234999,Shakespeare's Christmas : A Lily Bard Mystery (Lily Bard Mysteries),CHARLAINE HARRIS,1990,Dell
067180720X,CURTAIN,Agatha Christie,1970,Pocket
0671643363,MARRIAGE MURDER,Nancy Pickard,1980,Pocket
0345438663,The Conversation Piece 2: A New Generation of Questions,Bret Nicholaus,2000,Ballantine Books
0671013963,"Into the Void (Star Trek New Frontier, No 2)",Peter David,1990,Star Trek
0440166462,Osterman Weekend,Robert Ludlum,0,Bantam Doubleday Dell
0446360872,The Fifth Profession,David Morrell,1990,Warner Books
0440204488,At Death's Door,Robert Barnard,1980,Dell Publishing Company
0375414517,Angel Rock (Vintage Contemporaries),DARREN WILLIAMS,2000,Knopf
0440102804,The Anodyne Necklace,Martha Grimes,1990,Dell
0312958919,"Death By Rhubarb : When Her Ex-Husband's New Girlfriend Is Served A Deadly Dinner, A Dishy Chef Turns Sleuth To Save Her Restaurant. (A Heaven Lee Culinary Mystery)",Lou Jane Temple,1990,St Martin's Paperbacks
0003701387,Airport International: Level 4 - Intermediate (Nelson Readers),Brian Moynahan,1980,Penguin Longman Publishing
0451180216,Interest of Justice,Nancy Taylor Rosenberg,1990,Signet Book
0671746723,Dirk Gently's Holistic Detective Agency,Douglas Adams,1990,Pocket Books
0312951647,In the Presence of Enemies,William J. Coughlin,1990,St Martin's Press
1560765836,"Before the Mask (Dragonlance Saga, Villains Series, Volume 1)",Michael Williams,1990,Wizards of the Coast
006000942X,How to Read Literature Like a Professor : A Lively and Entertaining Guide to Reading Between the Lines,Thomas C. Foster,2000,Perennial Currents
0300076754,Web Style Guide: Basic Design Principles for Creating Web Sites,Patrick J. Lynch,1990,Yale University Press
0140445560,The Odyssey (Penguin Classics),Homer,1990,Penguin Books
0679772669,In the Skin of a Lion: A Novel,Michael Ondaatje,1990,Vintage Books USA
0671707728,PRIME DIRECTIVE: STAR TREK (Star Trek),Judith Reeves-Stevens,1990,Star Trek
0786889284,Beyond Recognition,Ridley Pearson,1990,Hyperion
0140622454,A Woman of No Importance (Penguin Popular Classics),Oscar Wilde,2000,Penguin Books Ltd
0425167097,Toxin,Robin Cook,1990,Berkley Pub Group
0929654668,Lavie Parisienne,James Jennings,1990,Blue Moon Books
0671755862,LIVE FROM THE BATTLEFIELD: FROM VIETNAM-BAGHDAD 35 YRS INSIDE WORLDS WAR ZONES,Peter Arnett,1990,Simon &amp Schuster
1883601126,The Linux Bible,Matt Welsh,1990,Yggdrasil Computing Inc
0446359882,Homeplace,Dorothy Garlock,1990,Warner Books
0446353337,The Deeds of the Disturber,Elizabeth Peters,1990,Warner Books
0804111332,Probable Cause,Grif Stockley,1990,Fawcett Books
1551669218,Prospect Street,Emilie Richards,2000,Mira
0440206308,Extenuating Circumstances,Jonathan Valin,1990,Dell Publishing Company
0671785885,Brown-Eyed Girl,Mariah Stewart,2000,Pocket
0486290301,The Metamorphosis and Other Stories (Dover Thrift Editions),Franz Kafka,1990,Dover Publications
1841952753,Happiness,Will Ferguson,2000,Canongate Books
0446360317,St. Valentine's Night,Andrew M. Greeley,1990,Warner Books
0451523628,The House of Mirth (Penguin Great Books of the 20th Century),Edith Wharton,1990,Signet Classics
0061092827,Shades of Grace,Barbara Delinsky,1990,HarperTorch
0449000613,Rose Cottage,Mary Stewart,1990,Ivy Books
0812507584,Trojan Gold,Elizabeth Peters,1980,Tor Books
0140440100,Adventures of Don Quixote (Classics S.),Miguel De Cervantes,1980,Penguin Books
0671644459,Awakening,Jude Deveraux,1980,Pocket
0812583418,Angel Fire,Andrew M. Greeley,2000,Tor Books
0446306061,Skull Beneath the Skin,P D James,1980,Warner Books> C/o Little Br
0553280732,Jemima Shore's First Case,Antonia Fraser,1980,Bantam Books
2742705724,Mr Vertigo,Paul Auster,1990,Actes Sud
0451165209,The Richest Man in Babylon,George S. Clason,1990,Signet Book
0140440925,Sir Gawain and the Green Knight (Penguin Classics ; L92),Brian Stone,1950,Penguin Books
8506000130,O menino maluquinho,Ziraldo,1980,Melhoramentos
0440119383,The Deer Leap,Martha Grimes,1990,Dell Publishing Company
0553236210,Nova,Samuel R. Delany,1990,Spectra Books
0872860744,Notes of a Dirty Old Man,Charles Bukowski,1980,City Lights Publishers
0671869094,SHADOWS ON THE SUN: STAR TREK (Star Trek),Michael Jan Friedman,1990,Star Trek
0312974248,Do You Promise Not to Tell?,Mary Jane Clark,2000,St Martin's Paperbacks
0140482091,The Importance of Being Earnest and Other Plays,Oscar Wilde,1980,Penguin Books
0445408111,Not As Far As Velma,Nicholas Freeling,1990,Warner Books
0465001106,The Alien IQ Test: Are We Up to the Challenge,Clifford A. Pickover,1990,Harpercollins
8571643806,"Galantes memÃ³rias e admirÃ¡veis aventuras do virtuoso conselheiro Gomes, o ChalaÃ§a",JosÃ© Roberto Torero,1990,Companhia das Letras
0380013924,Satanic Rituals,Anton La Vey,1970,Avon
0553263153,Bobby Fischer Teaches Chess,Bobby Fischer,1990,Bantam Books
0553247786,Miracle Worker,William Gibson,1980,Bantam Books
0553137492,Black Holes and Warped Spacetime,William Kaufmann,0,Bantam Doubleday Dell
0425125505,Tincture of Death,Ray Harrison,1990,Berkley Pub Group
2253004359,Jane Eyre,Charlotte BrontÃ?Â«,1990,LGF
055305340X,A Brief History of Time : From the Big Bang to Black Holes,Stephen W. Hawking,1980,Bantam
0553287346,Well-Schooled in Murder,Elizabeth George,1990,Bantam Books
2246615011,Baudolino,Umberto Eco,2000,Grasset
0971904774,Songbook,Nick Hornby,2000,McSweeneys Books
0671701835,BATTLESTATIONS (ST #31) (Star Trek (Numbered Paperback)),Diane L. Carey,1980,Star Trek
0140184929,Brighton Rock (Twentieth Century Classics),Graham Greene,1990,Penguin Books
0879755008,An Enquiry Concerning Human Understanding (Great Books in Philosophy),David Hume,1980,Prometheus Books
0553582372,A Place of Hiding,ELIZABETH GEORGE,2000,Bantam
0553212087,Howards End,E. M. Forster,1980,Bantam Books
0515107263,Happy Are the Merciful,Andrew M. Greeley,1990,Jove Books
0553272225,Something Wicked,Carolyn G. Hart,1980,Bantam
0380569523,City Primeval  Co,Elmore Leonard,1980,Avon
1879639815,Motivating Students Who Don't Care: Successful Techniques for Educators,Allen N. Mendler,2000,National Educational Service
051510843X,Wallflower: A Janek Novel,William Bayer,1990,Jove Books
0312959834,Dying to Fly Fish: A Max Addams Fly-Fishing Mystery (Dead Letter Mysteries),David Leitz,1990,St Martins Pr (Mm)
0804119716,Out of Control,Suzanne Brockmann,2000,Ballantine Books
185326007X,Women in Love (Wordsworth Classics),D. H. Lawrence,1990,NTC/Contemporary Publishing Company
1893224546,The Theory of Everything: The Origin and Fate of the Universe,S. W. Hawking,2000,New Millennium Press
0684825546,ZORBA THE GREEK,Nikos Kazantzakis,1990,Touchstone
0679724346,Tao Te Ching [Text Only],Laozi,1980,Vintage Books USA
2234054036,La Grammaire est une chanson douce,Erik Orsenna,2000,Stock
2877304892,Je vous Ã?Â©cris,Inoue Hisashi,2000,Philippe Picquier
0140621237,Kings Solomon's Mines (Penguin Popular Classics),R. Haggard,1990,Penguin Books Ltd
8501052981,O Fantasma,Danielle Steel,0,Luso Brazilian Books
006101141X,Homeplace,Anne Rivers Siddons,1990,HarperTorch
1853260304,A Midsummer Night's Dream (Wordsworth Collection),William Shakespeare,1990,NTC/Contemporary Publishing Company
067101465X,"Dujonian's Hoard (Star Trek The Next Generation: The Captain's Table, Book 2)",Michael Jan Friedman,1990,Star Trek
0452285186,The Book of Bunny Suicides,Andy Riley,2000,Plume Plume
8571640599,Boca do inferno: Romance,Ana Maria Miranda,1980,Companhia das Letras
0374384436,A Wind in the Door,Madeleine L'Engle,1970,Farrar Straus Giroux
8535900586,Borges e os orangotangos eternos (Literatura ou morte),LuÃ­s Fernando VerÃ­ssimo,2000,Companhia das Letras
1559613874,Angels in the Mirror: Voodoo Music of Haiti (Musical Expeditions),Elizabeth A. McAlister,1990,Ellipsis Arts
0671013971,"The Two Front War (Star Trek New Frontier, No 3)",Peter David,1990,Star Trek
0671667351,WOUNDED SKY: STAR TREK #13,Diane Duane,1980,Star Trek
1881098184,"The Witches' Almanac, Spring 2002 to Spring 2003 (Witches Almanac, 2002 2003)",Elizabeth Pepper,2000,Witches Almanac Ltd
0345365259,Bouquet of Thorns,John Sherwood,1990,Ballantine Books
0451097874,Flesh,Philip Jose Farmer,1980,New American Library
0345419685,"The Fabulous Riverboat (Riverworld Saga, Book 2)",Philip Jose Farmer,1990,Del Rey Books
0140435387,Jude the Obscure (Penguin Classics),Thomas Hardy,1990,Penguin Books
0684825309,SALT DANCERS,Ursula Hegi,1990,Scribner Paper Fiction
0380802090,Hunted,James Alan Gardner,2000,Eos
2266023039,La Nuit des temps,RenÃ?Â© Barjavel,1980,Pocket
1857996097,The Necklace (Phoenix 60p Paperbacks),Guy de Maupassant,1990,Orion Publishing Co
0312929587,Undercurrents,Ridley Pearson,1990,St Martin's Press
0380713292,The Body in the Kelp: A Faith Fairchild Mystery,Katherine Hall Page,1990,Avon
0425140067,Corpse in the Kitchen,Sarah J. Mason,1990,Berkley Pub Group
044016754X,Overload,Arthur Hailey,1990,Dell Publishing Company
1565924207,PalmPilot: The Ultimate Guide (First Edition),David Pogue,1990,O'Reilly
8525404683,DicionÃ¡rio do viajante insÃ³lito,Moacyr Scliar,1990,L&ampPM Editores
156245028X,Cheatnotes on Life: Lessons from the Classroom of Life,Donna Blaurock,1990,Great Quotations
0345365283,A Death for a Dreamer,E.X. Giroux,1990,Ballantine Books
0425149331,Dead Man's Thoughts,Carolyn Wheat,1990,Berkley Pub Group
0553574973,The Depths of Time,Roger MacBride Allen,2000,Bantam Books
0451180682,Murder for Father,Martin H. Greenberg,1990,New Amer Library (Mm)
0743442539,The Spy Who Came In from the Cold,John le Carre,2000,Scribner
0345344448,Martian Time Slip,Philip K. Dick,1990,Del Rey Books
0345325850,Up the Line,Robert Silverberg,1980,Del Rey Books
0553283952,The Coming of the King (The First Book of Merlin),Nikolai Tolstoy,1990,Spectra Books
0374373620,A Swiftly Tilting Planet,Madeleine L'Engle,1970,Farrar Straus and Giroux (BYR)
0312852134,Vanishing Point,Michaela Roessner,1990,St Martins Pr
0449212254,The Raven in the Foregate (Brother Cadfael Mysteries),Ellis Peters,1980,Fawcett Books
B000051ZUO,Triangle,Sondra Marshak,0,Pocket Books
0671702831,Star Trek IV The Voyage Home (Star Trek),Vonda N. McIntyre,1980,Star Trek
067172052X,FALLEN ANGELS,Larry Niven,1990,Baen
1551108631,New Mexico (The America Series),Tanya Lloyd,1990,Whitecap Books
0671014633,"War Dragons (Star Trek: The Captain's Table, Book 1)",L. A. Graf,1990,Star Trek
0451459393,"The Way of the Wolf (The Vampire Earth, Book 1)",E. E. Knight,2000,Roc
0345298705,Shakespeare's Planet,Clifford D. Simak,1980,Del Rey Books
0449130703,The Number of the Beast,Robert Heinlein,1980,Fawcett Books
958704049X,El hombre duplicado,Jose Saramago,2000,Alfaguara Ediciones SA (Spain)
9681500830,El Principito/Little Prince,Antonie De Saint,1990,Editores Mexicanos Unidos SA
0671637924,The Pianoplayers: Anthony Burgess,Anthony Burgess,1980,Washington Square Press
0064470598,Jacob Have I Loved,Katherine Paterson,1990,HarperTrophy
0786001674,Prizzi's Money,Richard Condon,1990,Pinnacle Books
0810835517,World Conflicts: A Comprehensive Guide to World Strife Since 1945,Patrick Brogan,1990,Rowman &amp Littlefield (Non NBN)
0451522753,Little Men,Louisa May Alcott,1990,Signet Classics
0440119006,Death on the High C's,Robert Barnard,1980,Dell Publishing Company
0801492823,"Four Texts on Socrates: Plato's Euthyphro, Apology of Socrates, and Crito and Aristophanes' Clouds",Thomas West,1980,Cornell Univ Pr
0451407946,The Offer,Catherine Coulter,1990,Signet Historical Romance
0261102753,The Road to Middle-Earth,T. A. Shippey,1990,HarperCollins
0671645307,THEN HANG ALL THE LIARS,Sarah Shankman,1980,Pocket
0515121959,Extreme Instinct,Robert W. Walker,1990,Jove Books
0060011572,Animal Liberation,Peter Singer,2000,Ecco
0345329082,Julian,Gore Vidal,1980,Ballantine Books
9681903900,El Ano De LA Muerte De Ricardo Reis (Alfaguara),Jose Saramago,1990,Santillana Pub Co
0061030155,Shining Through,Susan Isaacs,2000,HarperTorch
0671673181,DARKNESS FALLS,Joyce Anne Schneider,1990,Pocket
0451159292,Blood Test,Jonathan Kellerman,1980,Signet Book
0061082163,Alone in a Crowd (Harper Monogram),Georgia Bockoven,1990,HarperTorch
0192834770,The Secret Agent: A Simple Tale (Oxford World's Classics),Joseph Conrad,1990,Oxford University Press
0140621083,Agnes Grey (Penguin Popular Classics),Anne Bronte,1990,Penguin Books Ltd
8573022396,Luxuria a Casa Dos Budas Ditosos (Plenos pecados),JoÃ£o Ubaldo Ribeiro,1990,Luso Brazilian Books
0380751925,The Necronomicon,Simon,1980,Avon
0380810220,The Sugar House: A Tess Monaghan Mystery,Laura Lippman,2000,Avon
0375718850,Ash Wednesday: A Novel (Vintage Contemporaries (Paperback)),Ethan Hawke,2000,Vintage Books USA
0380798468,Butchers Hill (Tess Monaghan Mysteries (Paperback)),Laura Lippman,1990,Avon
0691089132,Stars and Planets (Princeton Field Guides),Ian Ridpath,2000,Princeton University Press
8571643164,Sem pecado: Romance,Ana Maria Miranda,1990,Companhia das Letras
0553270001,Dead on Arrival,DOROTHY SIMPSON,1980,Crimeline
0451522699,"The Tragedy of Titus Andronicus: The Life of Timon of Athens With New Dramatic Criticism and an Updated Bibliography (Shakespeare, William, Works.)",William Shakespeare,1980,Signet Classics
3596113776,Tagebuch,Anne Frank,1990,Fischer Taschenbuch Verlag GmbH
3423124776,Radetzkymarsch.,Joseph Roth,1990,Dtv
0517584921,Manhattan Nocturne: A Novel,Colin Harrison,1990,Crown Publishers
2258009545,MÃ©moires intimes,Georges Simenon,1980,Presses de la CitÃ©
8501062669,Tratado geral das grandezas do Ã­nfimo,Manoel de Barros,2000,Editora Record
0425107507,Terminal Justice,Victor Wartofsky,1980,Berkley Pub Group (Mm)
0812500601,Artifact,Gregory Benford,1980,Tor Books
0345418840,The Puzzled Heart (Kate Fansler Novels (Paperback)),Amanda Cross,1990,Fawcett Books
0451177134,"A Classy Touch of Murder (Dr. Jean Montrose Mystery, No 3)",C. F. Roe,1990,Signet Book
0821748564,Happy Endings,Katherine Stone,1990,Kensington Pub Corp
8525404373,ComÃ©dias da vida privada: 101 crÃ´nicas escolhidas,LuÃ­s Fernando VerÃ­ssimo,1990,L&ampPM Editores
857164554X,"Estranhos estrangeiros ;: E, Pela noite",Caio Fernando Abreu,1990,Companhia das Letras
0590254960,"A Bad, Bad Day (My First Hello Reader)",Kirsten Hall,1990,Cartwheel Books
0590483692,"Soccer Game! (Hello Reader! (DO NOT USE, please choose level and binding))",Grace MacCarone,1990,Scholastic
8508064624,O cÃ£o da meia-noite: Contos,Marcos Rey,1990,Editora Atica
850102872X,O Amor Nos Tempos Do Colera,Gabr Garcia Marquez,0,Distribooks Int'l+inc
0435272527,Pride and Prejudice (Intermediate Level),Margaret Tarner,1990,Delta Systems
8571647704,Tormentos ocasionais: Romance,Bernadette Lyra,1990,Companhia das Letras
0553060996,Las piadosas,Federico Andahazi,1990,Bantam Books
0297167626,Lolita,Vladimir Nabokov,0,Trafalgar Square
0312982526,Sacred Ground,Barbara Wood,2000,St Martin's Paperbacks
853361201X,A Arte da Felicidade: Um Manual para a Vida,Dalai Lama,2000,Martins Fontes
0380004259,Dark Fires: Steve &amp; Ginny Book 2,Rosemary Rogers,1990,Avon Books
0023607807,Theaetetus (MacMillan/Library of Liberal Arts),Plato,1970,Prentice Hall
0451166396,Tar Baby,Toni Morrison,1980,Signet Book
850104041X,O amor natural,Carlos Drummond de Andrade,1990,Editora Record
0451180674,A Bonny Case of Murder,C. F. Roe,1990,Signet Book
0671010387,We'll Meet Again,Mary Higgins Clark,2000,Simon &amp Schuster (Trade Division)
0821730630,Murder on the Glitter Box,Steve Allen,1990,Zebra Books
0312119259,I Killed Hemingway : A Novel,William Henderson,1990,Picador
046508138X,Basic Economics: A Citizen's Guide to the Economy,Thomas Sowell,2000,Basic Books
0789723107,Don't Make Me Think: A Common Sense Approach to Web Usability,Steve Krug,2000,New Riders
0553180851,Private Eyes,Jonathan Kellerman,1990,Bantam Books
0061042323,Passion and Illusion,Barbara Delinsky,1990,HarperTorch
0449217426,Rainbow in the Mist,Phyllis A. Whitney,1990,Ivy Books
0060808799,Silence Observed,Michael Innes,1980,Perennial
2221066456,Le dÃ©sir d'Ãªtre inutile: Souvenirs et rÃ©flexions (Collection VÃ©cu),Hugo Pratt,1990,R Laffont
2266091611,Voyage au centre de la Terre,Jules Verne,1990,Pocket
0060953500,Reinventing Comics : How Imagination and Technology Are Revolutionizing an Art Form,Scott McCloud,2000,Perennial
0446386898,Watchmen,Alan Moore,1980,Warner Books
0521467071,The Cambridge Companion to Liberation Theology (Cambridge Companions to Religion),Christopher Rowland,1990,Cambridge University Press
0140623035,Candide (Penguin Popular Classics),Voltaire,2000,Penguin Books Ltd
014043464X,Mary Barton: Penguin Classics,Elizabeth Gaskell,1990,Penguin Books
0141439726,Bleak House (Penguin Classics),Charles Dickens,2000,Penguin Books
2268045757,Maximes et pensÃ?Â©es : Ã?Â?pictÃ?Â¨te,Ã?Â?pictÃ?Â¨te,2000,Editions du Rocher
0618139303,Y: The Descent of Men,Steve Jones,2000,Houghton Mifflin Company
0195002121,The Problems of Philosophy,"Bertrand Russell, 3d Earl Russell",1950,Oxford University Press
0415028256,Tractatus Logico-Philosophicus,Ludwig Wittgenstein,1980,Routledge
0871318415,Living in Space: A Handbook for Work &amp; Exploration Beyond the Earth's Atmosphere,G. Harry Stine,1990,Natl Book Network
0140621288,Fables (Penguin Popular Classics),Aesop,1990,Penguin Books Ltd
0969000103,Sadat's strategy (History in the making),Paul Eidelberg,1970,Dawn
014017186X,Dracula,Bram Stoker,1990,Penguin Books Ltd
089608289X,On Power and Ideology: The Managua Lectures,Noam Chomsky,1980,South End Press
0671702688,GENEROUS DEATH,Nancy Pickard,1990,Pocket
0515058653,"Something Old, Something New",Lillian Africano,1980,Jove Books
8571644829,O xangÃ´ de Baker Street: Romance,JÃ´ Soares,1990,Companhia das Letras
0671556037,Split Image,Judy Mercer,1990,Pocket
157324127X,Uppity Women of the Renaissance,Vicki Leon,1990,Conari Press
0425145425,A Bite of Death,Susan Conant,1990,Berkley Publishing Group
0345374266,Shadows in Bronze,Lindsey Davis,1990,Ballantine Books
0446527173,Genius: A Mosaic of One Hundred Exemplary Creative Minds,Harold Bloom,2000,Warner Books
1410764273,By the White Book: A Far Angelus Novel,R. A. Bragg,2000,Authorhouse
0553206664,Mind Over Murder,William X. Kienzle,1980,Bantam Books
0060928832,From Dawn to Decadence : 500 Years of Western Cultural Life 1500 to the Present,Jacques Barzun,2000,Perennial
0804118728,15 Months In Sog: A Warrior's Tour,Thom Nicholson,1990,Ballantine Books
8586821071,Coitadinhos e malandrÃµes: Flagrantes do fim de feira do Brasil de FHC 1o e 2o,Ricardo Kotscho,1990,Casa Amarela
0449216403,A Trouble of Fools,Linda Barnes,1990,Fawcett Books
857302335X,O demÃ´nio e a Srta. Prym,Paulo Coelho,2000,Objetiva
039489748X,The Berenstain Bears and the Double Dare (First Time Books),Stan Berenstain,1980,Random House Children's Books
0671536192,Until the Bough Breaks,Christine McGuire,1990,Pocket Books
0671019414,Hooked,Stef Ann Holm,1990,Pocket
0553299514,Lullaby Town,Robert Crais,1990,Bantam
1557507651,The Shipping Revolution: The Modern Merchant Ship,Robert Gardiner,1990,Naval Inst Pr
0435272586,Of Mice and Men (Upper Level),John Milne,1990,Delta Systems Co
0803928319,Images of Organization,Gareth Morgan,1980,Sage Pubns
0345330315,Naked Sun,Isaac Asimov,1980,Del Rey Books
0582030463,"Rip Van Winkle and Other Stories (Longman Classics, Stage 2)",Washington Irving,1990,Addison Wesley Publishing Company
044921625X,Feather on the Moon,Phyllis A. Whitney,1990,Ivy Books
8445073559,Solaris,Stanislav LEM,2000,Minotauro
0671828657,MAINE MASSACRE,Janwillen Van De Wetering,1980,Pocket
0060806729,One Man Show,Michael Innes,1990,Perennial
0345302141,James Joyce Murder (Kate Fansler Novels (Paperback)),Amanda Cross,1980,Ballantine Books
0515087181,Spinsters in Jeopardy,Ngaio Marsh,1990,Berkley Pub Group
848403447X,El Caminante y Su Sombra,Friedrich Wilhelm Nietzsche,1990,Edimat Libros
0747539944,Victor: An Unfinished Song,Joan Jara,1990,Bloomsbury Publishing Plc
0521563305,"The Large, the Small and the Human Mind",Roger Penrose,1990,Cambridge University Press
0380797410,Twice Seven: Stories,Ben Bova,1990,Harpercollins
0385476760,The Web of Life: A New Understanding of Living Systems,Fritjof Capra,1990,Anchor Books/Doubleday
0821742833,Promises,Katherine Stone,1990,Zebra Books
8571640696,Feliz Ano Novo,Rubem Fonseca,0,Companhia Das Letras
067173895X,The LATE LADY : THE LATE LADY (Superintendent Bone Mystery),Susannah Stacey,1990,Pocket
0140009345,"Right Ho, Jeeves",P. G. Wodehouse,1970,Penguin Books
0440162467,The mysterious Mr. Quin,Agatha Christie,1980,Dell Pub Co
0516041304,New Jersey (Enchantment Amer),John Allan Carpenter,1970,Children's Press (CT)
0671724126,ANASTASIA SYNDROME (EXPORT),Mary Higgins Clark,1990,Pocket
0449143589,The Voyagers,Vivian Lord,1980,Fawcett Books
0380699370,Murder and the First Lady (An Eleanor Roosevelt Mystery),Elliott Roosevelt,1990,Harper Mass Market Paperbacks (Mm)
0786882476,Think Yourself Thin : The Visualization Technique That Will Make You Lose Weight,Debbie Johnson,1990,Hyperion
073641150X,Pooh's Leaf Pile (A Winnie the Pooh First Reader),Isabel Gaines,1990,Disney Press
0440215196,Old Silent,Martha Grimes,1990,Dell Publishing Company
0671636715,DECEPTIONS,Judith Michael,1980,Pocket
0679773274,Dance for the Dead,Thomas Perry,1990,Random House Inc
0451186338,A Hidden Cause of Murder,C.J. Roe,1990,Signet Book
1575660369,Local Knowledge,Conor Daly,1990,Kensington Publishing Corporation
0749306629,Charity Ends at Home (The Flaxborough Novels),Colin Watson,1990,Mandarin
0553251902,Night She Died -Op/67,Dorothy Simpson,1980,Bantam Books
0380698625,This Little Measure,Sara Woods,1980,Harper Mass Market Paperbacks (Mm)
0553286765,Internal Affairs,Jerry Oster,1990,Bantam Books
0449146669,A Stunning Way to Die (Lady Margaret Priam Series),Joyce Christmas,1990,Fawcett Books
0671747568,SLEEPING BEAUTY (EXPORT),Michael,1990,Pocket
0515122866,Shadow Image,Martin J. Smith,1990,Jove Books
0671443348,Murder Within Murder,Richard Lockridge,1980,Pocket
0671443372,DEATH TAKES BOW,Frances Lockridge,1980,Pocket
0345302613,The Land Endures,Mary Emily Pearce,1980,Ballantine Books
0380781824,Flowers for Mrs. Luskin (True Crime (Avon Books).),Arthur Jay Harris,1990,Harper Mass Market Paperbacks (Mm)
014002154X,An Unofficial Rose,Iris Murdoch,1980,Penguin Books
033030819X,The Roswell Legacy,Frances Patten,1980,Pan Macmillan
0446358851,Blue Hammer,Ross MacDonald,1990,Warner Books (Mm)
0821733702,The Dead of Autumn,H.P. Dunne,1990,Zebra Books
0671648780,TEXASVILLE       X,Larry McMurtry,1980,Pocket
0671551728,DUPLICATE KEYS,Jane Smiley,1980,Pocket
0345321987,Fault Tree,Mickey Friedman,1980,Ballantine Books
0380756900,The Gardiner Women,Davidyne Mayleas,1990,Harper Mass Market Paperbacks (Mm)
0726937339,The Australian slanguage: A look at what we say and how we say it,Bill Hornadge,1980,Cassell Australia
0194312070,Oxford English Picture Dictionary,E. C. Parnwell,1980,Oxford University Press
0273631667,Frontiers of Fortune: Predicting Capital Prospects and Casualties in the Markets of the Future,Jonathan Story,1990,Financial Times Prentice Hall
0132722208,Managing Across Cultures,Susan C. Schneider,1990,Pearson Education
0875848702,From Global to Metanational: How Companies Win in the Knowledge Economy,Yves L. Doz,2000,Harvard Business School Press
0821738437,Capture My Heart,Bobbi Smith,1990,Zebra Books
0749312475,The Queen of Hearts,Barbara Cartland,1990,Mandarin
0006132138,Rest and Be Thankful,Helen MacInnes,1970,Fontana
0393962881,The Norton Anthology of English Literature (Norton Anthology of English Literature (Paperback)),M. H. Abrams,1990,W W Norton &amp Co
039396289X,Norton Anthology of English Literature (Norton Anthology of English Literature (Hardcover)),M. H. Abrams,1990,W W Norton &amp Co
1578590175,The Handy Space Answer Book (Handy Answer Books),Phillis Engelbert,1990,Visible Ink Press
0140437886,Man and Superman: A Comedy and a Philosophy (Penguin Classics),Bernard Shaw,2000,Penguin Books
8571648395,O homem que matou GetÃºlio Vargas: Biografia de um anarquista,JÃ´ Soares,1990,Companhia das Letras
1569715025,Lone Wolf and Cub 1: The Assasin's Road,Kazuo Koike,2000,Dark Horse Comics
1853262986,Two Gentlemen of Verona (Wordsworth Collection),William Shakespeare,1990,NTC/Contemporary Publishing Company
0582797462,In Touch Student Book 2,"Oscar &amp; Kimbrough, Victoria Castro",1980,Longman Group United Kingdom
0582797489,In Touch Workbook 2,"Oscar &amp; Kimbrough, Victoria Castro",1980,Longman Group United Kingdom
058279742X,"In Touch, Student Book 1",Oscar Castro,1990,Longman Publishing Group
0435277650,Poor Little Rich Girl (New Wave),Elaine O'Reilly,1980,Macmillan Education
0194337863,Start with English Readers,Rosemary Border,1980,Oxford University Press
0582451930,"The Mummy (Penguin Readers, Level 2)",David Levithan,2000,Pearson ESL
8501045535,Farewell,Carlos Drummond de Andrade,1990,Editora Record
1567231608,The City &amp; the Stars,Arthur C. Clarke,1990,Yestermorrow Inc
0582537312,Round the World in Eighty Days,Jules Verne,1980,Longman Group United Kingdom
0451625773,Ten Great Works of Philosophy,Robert Paul Wolff,1980,Signet Book
8573022159,"Xadrez, truco e outras guerras (Plenos pecados)",JosÃ© Roberto Torero,1990,Objetiva
1840181745,Hoolifan: Thirty Years of Hurt (Mainstream Sport),Martin King,1990,Mainstream Publishing
2040160590,Les Essais - Extraits,Michel E. Montaigne,0,Schoenhofs Foreign Books
0393323803,Nietzsche: A Philosophical Biography,Rudiger Safranski,2000,W W Norton &amp Company
8508029748,A prÃ³xima novela: Um romance de imagens,Carlos Eduardo Novaes,1980,Editora Atica
8508043228,O Ãºltimo mamÃ­fero do Martinelli (SÃ©rie Rosa dos ventos),Marcos Rey,1990,Editora Atica
8501912700,No fim dÃ¡ certo,Fernando Tavares Sabino,1990,Editora Record
0582274982,Tales of Mystery and Imagination (Longman Fiction),Addison Wesley Longman,1990,Addison Wesley Publishing Company
046087439X,Robinson Crusoe: The Life and Strange Surprising Adventure (Everyman's Library (Paper)),Daniel Defoe,1990,Tuttle Publishing
2070530663,Sous le pavillon noir: Pirates et flibustiers (Aventures),Philippe Jacquin,1980,Gallimard
0886461839,Silent Spring,Rachael Carson,1980,Dh Audio
8526003364,Os Melhores Contos,Lygia F Telles,0,Luso Brazilian Books
8571648972,EstaÃ§Ã£o Carandiru,Drauzio Varella,1990,Companhia das Letras
0761513418,"Richard Branson, Virgin King: Inside Richard Branson's Business Empire",Tim Jackson,1990,Prima Lifestyles
8572130063,Historias da Tradicao Sufi,Edicoes Dervish,0,Alif Pub Corp
0723247994,Hello! Peter Rabbit (Peter Rabbit Seedlings),Alex Vining,2000,Frederick Warne and Company Inc
8501048771,De Gutenberg Ã  internet: Direitos autorais na era digital,Henrique Gandelman,1990,Editora Record
8571648379,"As barbas do imperador: D. Pedro II, um monarca nos trÃ³picos",Lilia Moritz Schwarcz,1990,Companhia das Letras
0735712026,The Elements of User Experience: User-Centered Design for the Web,Jesse James Garrett,2000,New Riders
0735712506,Information Architecture: Blueprints for the Web,Christina Wodtke,2000,New Riders
1565922824,Information Architecture for the World Wide Web,Louis Rosenfeld,1990,O'Reilly
8571649375,A Mulher Que Escreveu a Biblia,Moacyr Scliar,1990,Companhia Das Letras
1573531111,Goetic Evocation: The Magician's Workbook (Magician's Workbook),Steve Savedow,1990,Eschaton Productions Inc
8529300165,New business: A chave do negÃ³cio em propaganda,Jens Olesen,1990,Cultura Editores Associados
8503004097,As fantÃ¡sticas aventuras do Maitairoa: OdissÃ©ia brasileira no AtlÃ¢ntico Sul (Ventos &amp; aventuras),Roberto Mesquita Barros,1990,J Olympio Editora
8503004798,Tempo de contar,Joel Silveira,1990,J Olympio Editora
0789724596,Java Server Pages from Scratch (From Scratch),Maneesh Sahu,2000,Que
8520909833,A folha dobrada: LembranÃ§as de um estudante,Goffredo da Silva Telles JÃºnior,1990,Editora Nova Fronteira
